review,sentiment
"RT @ZAMENZA: N√≠vel social: ""Eu crio intimidade r√°pido!"" #RockStory",neutral
Gui todo orgulhoso do Zac ‚ù§ #RockStory Chiara√âGuilia,positive
"malha√ß√£o inteira nessa novela 
#RockStory",positive
RT @shinedillgayoso: BOAA NICOLAU #RockStory Chiara√âGuilia,positive
"A banda j√° se unindo pra ajudar o zac, j√° est√£o em ""Um por todos e todas por um"" adorooooo #RockStory Chiara√âGuilia",neutral
#RockStory o cara bateu no zac e no nicolau ME SEGURA ME SEGURA,negative
TA MALUCO SEU FILHA DA PUTA NAO BATE NO NICOLAU NAO #RockStory,negative
Agora o Zac tem amigos pra defender ‚ù§‚ù§‚ù§ #RockStory,positive
Gzuis que barraco #RockStory,positive
"RT @rafavittibr: L√©o √© caidinho pela Diana, t√° enfeiti√ßado. #RockStory",positive
RT @onedreammond: que pis√£o em quem insiste classificar a diana como vil√£ #RockStory https://t.co/DiRcyXFZkC,positive
"#RockStory
FDP desse marginal, drogaüò†üò°",positive
Agora a 4.4 √© definitivamente uma banda. S2 Chiara√âGuilia #RockStory,negative
O JF com uma vassoura hahahahah #RockStory,positive
Nicolau √© meu her√≥i. Quero um nicolau na minha vida #rockstory,positive
"RT @vittitocar: NAO BATE NO NICOLAU
#RockStory",negative
"RT @vittitocar: O Rafael n√£o deve comer qnd vai gravar ne pra encher a pan√ßa na grava√ß√£o
#RockStory",negative
BOAA NICOLAU #RockStory Chiara√âGuilia,positive
se ferrou haha #RockStory,positive
eita porra #RockStory,positive
J√° to de saco cheio de ver o Zac fazer porra nenhuma #RockStory,negative
JF fez alguma coisa que preste finalmente #RockStory Chiara√âGuilia,negative
"Prefiro ver Diana sozinha do que ao lado desse moleque. Ali√°s, felicidade de mulher n√£o est√° condicionada a presen√ßa masculina. #RockStory",negative
Refizeram malha√ß√£o nessa novela? #RockStory,positive
Brigaaaaa #rockStory,positive
"NAO BATE NO NICOLAU
#RockStory",negative
J√° t√° chato esse babaca batendo no Zac  #RockStory,neutral
Que paulada KKKKKKKKKKKKKKK #rockstory,positive
Vaaaiiii nicolauuu bate nesse fdp #RockStory,positive
RT @inovelasi: Queria que esse plano da N√©ia desse certo #RockStory,positive
Gui e Julia meu mais novo shipper e apego s√≥ espero n√£o ser tombada dessa vez #RockStory,negative
"Mas esse mlk n√£o deixa o Zac em paz 
Pqp
Se atacar o zac eu vou atacar
 #RockStory",positive
NICOLAU REI DESSA NOVELA #RockStory,positive
RT @nandoaraujoo: A sensualizada deu Ruim.... #RockStory https://t.co/bS8DkuZdEJ,negative
a fam√≠lia ajudando o Zac lindoooooooooooooooos #RockStory,positive
O ZAC N√ÉOOOOO!!!! #RockStory,positive
essa persegui√ß√£o do pedro com o rodrigo j√° deu n√© tinha q ter ficado s√≥ na malha√ß√£o #RockStory,positive
RT @nandoaraujoo: O olhar de quem sabe que √© maravilhosa. #RockStory https://t.co/uBPxHzzt1U,positive
PORRA ADOROO #RockStory Chiara√âGuilia,positive
"Chega desse cara, meu. Porra ja deu #RockStory",negative
J√° to o muleque insuport√°vel atr√°s do zac de novo #rockstory,negative
"RT @LayllaZeferino: Ainda in love com J√∫lia, Gui e Chiara se abra√ßando na cama, foi muito linda essa cena, uma fofura sem tamanho. #RockSto‚Ä¶",positive
Ahh n√£o #RockStory Chiara√âGuilia,negative
Assistindo malha√ß√£o 2.0 (rockstory),positive
Algu√©m chega l√° pelo amor de Deuuuuuuussssssss #RockStory,neutral
"RT @ZAMENZA: ""Gui Santiago, essa √© pra voc√™!!!!!"" (Zac melhor pessoa)  #RockStory",neutral
Os meninos v√£o ver #RockStory Chiara√âGuilia,positive
Pedro e Rodrigo em outra vida #RockStory,neutral
Caiu de bicicleta que d√° uma olhada.... üòÇüòÇ #RockStory que atriz linda. https://t.co/1Z0KMcHWOY,neutral
"Cada dia que eu vejo rockstory eu me apaixono mais por esse Rafael Vitti, que ser humano maravilhoso üòç",positive
RT @NathDillFC: Por mais cenas assim por favor e de prefer√™ncia ao som de Me Espera. Chiara√âGuilia #RockStory https://t.co/0DhHw996Si,negative
"N√≠vel social: ""Eu crio intimidade r√°pido!"" #RockStory",neutral
RT @NathDillFC: Quero muitas cenas fofas hoje do meu casal. Chiara√âGuilia #RockStory https://t.co/09uyhzNMo9,neutral
"Coitado do Zac, s√≥ apanha #RockStory",negative
RT @gshow: E essa doidinha da Marisa? rs Quem nunca!? =P #RockStory https://t.co/QiNjai8Gpx,negative
RT @MaryRoche16: #RockStory os Casais q se formaram  nessa novela s√£o  caisais q o p√∫blico √±  shipa kkkk,positive
"RT @ZAMENZA: ""Que falta de compostura √© essa?"" N√©ia t√£o boa atriz quanto Ana Beatriz Nogueira. #RockStory",neutral
"O Rafael n√£o deve comer qnd vai gravar ne pra encher a pan√ßa na grava√ß√£o
#RockStory",negative
Esse Ja√≠lson j√° cansou Chiara√âGuilia #RockStory,neutral
L√©o junto com a Sthefany fica total no esp√≠rito de Mesquita. Hahaha! #RockStory,negative
Essa empregada contratada pela Neia tem perfil de atriz das brasileirinhas kkk. #RockStory,positive
"Eu rir com essa cena do Leo ""acho melhor n√£o passar a m√£o n√£o"" o Rafael vitti t√° muito bem sim #RockStory Chiara√âGuilia",neutral
Ser√° que o L√©o vai ser infiel ou vai provar que ama msm a Diana? #RockStory,neutral
RT @swiftwolfies: Leo regis segue comendo de boca aberta #RockStory,positive
"#RockStory essq sthepanie  √© √≥tima.
KKKKKKKKKKKKKK",positive
"""Que falta de compostura √© essa?"" N√©ia t√£o boa atriz quanto Ana Beatriz Nogueira. #RockStory",neutral
"""Se tu precisar se abrir de novo, quer dizer, desabafar, s√≥ me procurar"" #RockStory",negative
"RT @ThallysBAlm: Olha a moral de #RockStory, voltou com o oferecimento na faixa das 19h e ainda por cima da Coca Cola \o/",positive
Queria que esse plano da N√©ia desse certo #RockStory,positive
Leo eh mto inocente neh #RockStory,positive
"RT @Sobraltaii: Zac e Julia AAAAAAAAAAAA MORRI AQUI, QUE AMOOOOR #RockStory Chiara√âGuilia",positive
RT @BelovedShip: Montinho triplo de amor!üòçüíû #Guilia Guilia√âChiara #RockStory https://t.co/b0q8hvrrkR,positive
A menina s√≥ falta sentar no colo do L√©o e ele s√≥ fala na Diana. #RockStory,negative
Morta com o L√©o e a Stefany #RockStory Chiara√âGuilia,positive
"RT @LayllaZeferino: Ainda in love com J√∫lia, Gui e Chiara se abra√ßando na cama, foi muito linda essa cena, uma fofura sem tamanho. #RockSto‚Ä¶",positive
"Qual foi a sua youtuber feminina favorita de 2016?

 2016? @Kefera @nahcardoso @ninasecrets @TacieleAlcolea #rockstory #malha√ß√£o",positive
"RT @Teledramaturgia: Vamos de novela boa?
#RockStory https://t.co/d2h0cgHJkd",positive
"""Largou pq tu e mo maneirona faz um rango mo bom"" EU TO BERRANDO BRASIL #RockStory",neutral
RT @LayllaZeferino: Marisa tentou fazer uma dan√ßa sensual para o Nicolau e se ferrou. Eu t√¥ morrendo com essa cena. Hahahahaha #RockStory,negative
RT @gshow: E essa doidinha da Marisa? rs Quem nunca!? =P #RockStory https://t.co/QiNjai8Gpx,negative
"RT @LayllaZeferino: Zac dedicando a vit√≥ria pra J√∫lia, tem como n√£o amar esse menino? Que fofo!! #RockStory",negative
"RT @LayllaZeferino: Ainda in love com J√∫lia, Gui e Chiara se abra√ßando na cama, foi muito linda essa cena, uma fofura sem tamanho. #RockSto‚Ä¶",positive
RT @LayllaZeferino: Guilia se beijando e curtindo juntinhos o show dos pupilos. #RockStory,positive
"RT @rafavittibr: L√©o √© caidinho pela Diana, t√° enfeiti√ßado. #RockStory",positive
Essa Stefani na novela rockstory √© uma tenta√ß√£o v√©i,positive
"A empreguete do L√©o √© gata, mas concorrer com Alinne Moraes √© covardia. #RockStory",positive
RT @BelovedShip: Aquele encontro que j√° mostrou que o amor seria rec√≠proco.üíï#RockStory Chiara√âGuilia https://t.co/DS3PpVRJNw,neutral
"L√©o √© caidinho pela Diana, t√° enfeiti√ßado. #RockStory",positive
